ID,lat,long,sss_mean,sst_mean,sst_min,sst_max,pop
J3H,33.00223,132.5026,34.38,20.32,14.71,27.62,1
J5H,33.00223,132.5026,34.38,20.32,14.71,27.62,1
J9H,33.00223,132.5026,34.38,20.32,14.71,27.62,1
J11H,33.00223,132.5026,34.38,20.32,14.71,27.62,1
J13H,33.00223,132.5026,34.38,20.32,14.71,27.62,1
J15H,33.00223,132.5026,34.38,20.32,14.71,27.62,1
J17H,33.00223,132.5026,34.38,20.32,14.71,27.62,1
J19H,33.00223,132.5026,34.38,20.32,14.71,27.62,1
N1H,0.652217,119.739,33.66,28.59,28.01,29.22,2
N2H,0.652217,119.739,33.66,28.59,28.01,29.22,2
N3H,0.652217,119.739,33.66,28.59,28.01,29.22,2
N4H,0.652217,119.739,33.66,28.59,28.01,29.22,2
N5H,0.652217,119.739,33.66,28.59,28.01,29.22,2
N6H,0.652217,119.739,33.66,28.59,28.01,29.22,2
N7H,0.65695,119.741,33.66,28.59,28.01,29.22,2
P1H,10.87304,124.7122,34.09,28.56,26.98,29.55,3
P3H,10.87304,124.7122,34.09,28.56,26.98,29.55,3
P6H,10.87303,124.7122,34.09,28.56,26.98,29.55,3
P10H,10.87332,124.7122,34.09,28.56,26.98,29.55,3
P14H,10.87345,124.7123,34.09,28.56,26.98,29.55,3
P16H,10.87412,124.7106,34.09,28.56,26.98,29.55,3
P18H,10.87412,124.7106,34.09,28.56,26.98,29.55,3
P20H,10.8743,124.7106,34.09,38.56,26.98,29.55,3
P22H,10.8743,124.7106,34.09,28.56,26.98,29.55,3
P24H,10.87438,124.7105,34.09,28.56,26.98,29.55,3
